team1,team2,result1,result2,date_of_match,reference
Paquetá,FURIA Academy,2,0,2022-09-23,/matches/2359047/paquet-vs-furia-academy-cct-south-america-series-2
ONYX,SINNERS,2,16,2022-09-23,/matches/2359105/onyx-vs-sinners-twr-eastern-european-masters-fall-2022-blast-premier-qualifier
Nouns,TeamOne,7,16,2022-09-23,/matches/2359138/nouns-vs-teamone-ace-north-american-masters-fall-2022-blast-premier-qualifier
LeeK,MASONIC,2,1,2022-09-23,/matches/2359078/leek-vs-masonic-esea-advanced-season-42-europe
River Plate,MOB,16,10,2022-09-23,/matches/2359123/river-plate-vs-mob-americas-supercup-2022
ODDIK,Daotsu,2,0,2022-09-23,/matches/2359088/oddik-vs-daotsu-kabum-challenge-cup-2
MOUZ,SINNERS,16,14,2022-09-23,/matches/2359104/mouz-vs-sinners-twr-eastern-european-masters-fall-2022-blast-premier-qualifier
Liquid,FURIA,1,2,2022-09-23,/matches/2357746/liquid-vs-furia-esl-pro-league-season-16
TeamOne,BHOP,25,23,2022-09-23,/matches/2359130/teamone-vs-bhop-ace-north-american-masters-fall-2022-blast-premier-qualifier
Apeks,Enterprise,1,2,2022-09-23,/matches/2359117/apeks-vs-enterprise-cct-central-europe-series-2
ALTERNATE aTTaX,LDLC,1,2,2022-09-23,/matches/2359083/alternate-attax-vs-ldlc-esea-advanced-season-42-europe
HOTU,Zero Tenacity,2,0,2022-09-23,/matches/2359113/hotu-vs-zero-tenacity-scl-season-6
markeloff's Team,Edward's Team,0,3,2022-09-23,/matches/2359114/markeloffs-team-vs-edwards-team-showmatch-csgo
ONYX,Nexus,19,16,2022-09-23,/matches/2359103/onyx-vs-nexus-twr-eastern-european-masters-fall-2022-blast-premier-qualifier
Meta BR,Ape Gang,12,16,2022-09-23,/matches/2359122/meta-br-vs-ape-gang-americas-supercup-2022
ECLOT,9 Pandas,2,1,2022-09-23,/matches/2359057/eclot-vs-9-pandas-esea-advanced-season-42-europe
Nouns,Sojoga,16,11,2022-09-23,/matches/2359129/nouns-vs-sojoga-ace-north-american-masters-fall-2022-blast-premier-qualifier
Into the Breach,xDDDD,2,0,2022-09-23,/matches/2359081/into-the-breach-vs-xdddd-esea-advanced-season-42-europe
ARCRED,NeedDOCTOR,2,0,2022-09-23,/matches/2359082/arcred-vs-needdoctor-esea-advanced-season-42-europe
Aurora,B8,2,0,2022-09-23,/matches/2359073/aurora-vs-b8-esea-advanced-season-42-europe
SINNERS,Nexus,16,10,2022-09-23,/matches/2358955/sinners-vs-nexus-twr-eastern-european-masters-fall-2022-blast-premier-qualifier
FTW,BIG Academy,1,2,2022-09-23,/matches/2359116/ftw-vs-big-academy-cct-central-europe-series-2
MASONIC,Lilmix,16,7,2022-09-23,/matches/2359096/masonic-vs-lilmix-pelaajat-nordic-masters-fall-2022-blast-premier-qualifier
OneTap,EYEBALLERS,0,2,2022-09-23,/matches/2359072/onetap-vs-eyeballers-esea-advanced-season-42-europe
Arvum,Fluxo,0,1,2022-09-23,/matches/2359046/arvum-vs-fluxo-cct-south-america-series-2
Eternal Fire,Evil Geniuses,0,2,2022-09-23,/matches/2357745/eternal-fire-vs-evil-geniuses-esl-pro-league-season-16
WINDINGO,Sharks,0,2,2022-09-23,/matches/2359045/windingo-vs-sharks-cct-south-america-series-2
MOUZ,ONYX,16,1,2022-09-23,/matches/2358954/mouz-vs-onyx-twr-eastern-european-masters-fall-2022-blast-premier-qualifier
DUSTY,Lilmix,6,16,2022-09-23,/matches/2359095/dusty-vs-lilmix-pelaajat-nordic-masters-fall-2022-blast-premier-qualifier
ECSTATIC,MASONIC,19,16,2022-09-23,/matches/2359094/ecstatic-vs-masonic-pelaajat-nordic-masters-fall-2022-blast-premier-qualifier
Goliath,blacklaminate,2,1,2022-09-23,/matches/2359007/goliath-vs-blacklaminate-telkom-vs-gaming-masters-2022
ex-SKADE,Nexus,2,0,2022-09-23,/matches/2359115/ex-skade-vs-nexus-cct-central-europe-series-2
EC Brugge,Sangal,0,2,2022-09-23,/matches/2359058/ec-brugge-vs-sangal-esea-advanced-season-42-europe
Cloud9,Movistar Riders,2,0,2022-09-23,/matches/2357744/cloud9-vs-movistar-riders-esl-pro-league-season-16
MASONIC,Lilmix,16,3,2022-09-23,/matches/2359065/masonic-vs-lilmix-pelaajat-nordic-masters-fall-2022-blast-premier-qualifier
ECSTATIC,DUSTY,16,13,2022-09-23,/matches/2359064/ecstatic-vs-dusty-pelaajat-nordic-masters-fall-2022-blast-premier-qualifier
Infinity,Magic School Bus,1,2,2022-09-23,/matches/2359090/infinity-vs-magic-school-bus-esea-advanced-season-42-north-america
Red Wolves,REIGN,2,1,2022-09-23,/matches/2359093/red-wolves-vs-reign-esea-advanced-season-42-north-america
Villainous Union,Snakes Den,1,2,2022-09-23,/matches/2359091/villainous-union-vs-snakes-den-esea-advanced-season-42-north-america
MIBR Academy,Isurus,1,2,2022-09-23,/matches/2359044/mibr-academy-vs-isurus-cct-south-america-series-2
Eros,X13,0,2,2022-09-23,/matches/2359092/eros-vs-x13-esea-advanced-season-42-north-america
Brazen,Kari,2,1,2022-09-23,/matches/2359002/brazen-vs-kari-esl-challenger-league-season-42-north-america
Detonate,ATK,0,2,2022-09-23,/matches/2358906/detonate-vs-atk-esl-challenger-league-season-42-north-america
Los Grandes Academy,Daotsu,1,2,2022-09-23,/matches/2359087/los-grandes-academy-vs-daotsu-kabum-challenge-cup-2
9z Academy,Mad Kings,1,2,2022-09-23,/matches/2359121/9z-academy-vs-mad-kings-americas-supercup-2022
TeamOne,Unjustified,2,0,2022-09-23,/matches/2358802/teamone-vs-unjustified-esl-challenger-league-season-42-north-america
BHOP,ATK,2,1,2022-09-23,/matches/2358873/bhop-vs-atk-esl-challenger-league-season-42-north-america
FUSION,Daotsu,1,2,2022-09-23,/matches/2359043/fusion-vs-daotsu-cct-south-america-series-2
EG Black,TeamOne,0,2,2022-09-23,/matches/2358794/eg-black-vs-teamone-esl-challenger-league-season-42-north-america
MOB,Mad Kings,2,0,2022-09-23,/matches/2359086/mob-vs-mad-kings-americas-supercup-2022
